coin,fundingRate_avg_5d,isNew
ACE,-222.81870119008266,False
SOPH,-114.81641938512396,False
POLYX,-104.1304030710744,False
MINA,-76.32436618512398,False
HEMI,-56.708452928925624,False
BLUR,-35.325854003305786,False
2Z,-27.58914435371901,False
ALT,-19.41636841983471,False
SAGA,-16.600789309090906,False
TRX,-13.097634178512395,False
AVNT,-12.094053828099176,False
ZETA,-10.579023411570248,False
S,-10.474029381818182,False
IOTA,-10.320325408264464,False
IO,-9.271439930578513,False
SAND,-8.754670879338844,False
REZ,-8.124821087603305,False
NEO,-8.080319563636364,False
NOT,-6.747563752066113,False
ADA,-6.640230585123967,False
RENDER,-5.816011596694214,False
BERA,-4.7599660859504125,False
SKR,-3.7406141157024786,False
AVAX,-3.3577427504132236,False
BABY,-2.847408317355371,False
TRUMP,-2.8313405950413224,False
STABLE,-2.2265856694214867,False
ATOM,-0.660986885950413,False
STX,-0.5406317256198343,False
PROVE,-0.17436599008264436,False
